-- phpMyAdmin SQL Dump
-- version 5.1.1
-- https://www.phpmyadmin.net/
--
-- Хост: localhost
-- Время создания: Дек 02 2021 г., 20:24
-- Версия сервера: 5.7.30
-- Версия PHP: 7.3.21

SET SQL_MODE = "NO_AUTO_VALUE_ON_ZERO";
START TRANSACTION;
SET time_zone = "+00:00";


/*!40101 SET @OLD_CHARACTER_SET_CLIENT=@@CHARACTER_SET_CLIENT */;
/*!40101 SET @OLD_CHARACTER_SET_RESULTS=@@CHARACTER_SET_RESULTS */;
/*!40101 SET @OLD_COLLATION_CONNECTION=@@COLLATION_CONNECTION */;
/*!40101 SET NAMES utf8mb4 */;

--
-- База данных: `studok_cms`
--

-- --------------------------------------------------------

--
-- Структура таблицы `articles`
--

CREATE TABLE `articles` (
  `id` int(11) NOT NULL,
  `product_id` int(11) NOT NULL,
  `title` varchar(255) NOT NULL,
  `content` text NOT NULL,
  `date` date NOT NULL
) ENGINE=InnoDB DEFAULT CHARSET=utf8;

--
-- Дамп данных таблицы `articles`
--

INSERT INTO `articles` (`id`, `product_id`, `title`, `content`, `date`) VALUES
(64, 60, 'Нейроматематика', '<figure class=\"image\"><img src=\"/ckfinder/userfiles/files/%D0%9B%D0%95%D0%9A%D0%A6%D0%98%D0%AF%20%E2%84%961_page-0001.jpg\"></figure><figure class=\"image\"><img src=\"/ckfinder/userfiles/files/%D0%9B%D0%95%D0%9A%D0%A6%D0%98%D0%AF%20%E2%84%961_page-0002.jpg\"></figure><figure class=\"image\"><img src=\"/ckfinder/userfiles/files/%D0%9B%D0%95%D0%9A%D0%A6%D0%98%D0%AF%20%E2%84%961_page-0003.jpg\"></figure><figure class=\"image\"><img src=\"/ckfinder/userfiles/files/%D0%9B%D0%95%D0%9A%D0%A6%D0%98%D0%AF%20%E2%84%961_page-0004.jpg\"></figure><figure class=\"image\"><img src=\"/ckfinder/userfiles/files/%D0%9B%D0%95%D0%9A%D0%A6%D0%98%D0%AF%20%E2%84%961_page-0005.jpg\"></figure><figure class=\"image\"><img src=\"/ckfinder/userfiles/files/%D0%9B%D0%95%D0%9A%D0%A6%D0%98%D0%AF%20%E2%84%961_page-0006.jpg\"></figure><figure class=\"image\"><img src=\"/ckfinder/userfiles/files/%D0%9B%D0%95%D0%9A%D0%A6%D0%98%D0%AF%20%E2%84%961_page-0007.jpg\"></figure><figure class=\"image\"><img src=\"/ckfinder/userfiles/files/%D0%9B%D0%95%D0%9A%D0%A6%D0%98%D0%AF%20%E2%84%961_page-0008.jpg\"></figure><figure class=\"image\"><img src=\"/ckfinder/userfiles/files/%D0%9B%D0%95%D0%9A%D0%A6%D0%98%D0%AF%20%E2%84%961_page-0009.jpg\"></figure><figure class=\"image\"><img src=\"/ckfinder/userfiles/files/%D0%9B%D0%95%D0%9A%D0%A6%D0%98%D0%AF%20%E2%84%961_page-0010.jpg\"></figure><figure class=\"image\"><img src=\"/ckfinder/userfiles/files/%D0%9B%D0%95%D0%9A%D0%A6%D0%98%D0%AF%20%E2%84%961_page-0011.jpg\"></figure><figure class=\"image\"><img src=\"/ckfinder/userfiles/files/%D0%9B%D0%95%D0%9A%D0%A6%D0%98%D0%AF%20%E2%84%961_page-0012.jpg\"></figure><figure class=\"image\"><img src=\"/ckfinder/userfiles/files/%D0%9B%D0%95%D0%9A%D0%A6%D0%98%D0%AF%20%E2%84%961_page-0013.jpg\"></figure><figure class=\"image\"><img src=\"/ckfinder/userfiles/files/%D0%9B%D0%95%D0%9A%D0%A6%D0%98%D0%AF%20%E2%84%961_page-0014.jpg\"></figure><figure class=\"image\"><img src=\"/ckfinder/userfiles/files/%D0%9B%D0%95%D0%9A%D0%A6%D0%98%D0%AF%20%E2%84%961_page-0015.jpg\"></figure><figure class=\"image\"><img src=\"/ckfinder/userfiles/files/%D0%9B%D0%95%D0%9A%D0%A6%D0%98%D0%AF%20%E2%84%961_page-0016.jpg\"></figure><figure class=\"image\"><img src=\"/ckfinder/userfiles/files/%D0%9B%D0%95%D0%9A%D0%A6%D0%98%D0%AF%20%E2%84%961_page-0017.jpg\"></figure><figure class=\"image\"><img src=\"/ckfinder/userfiles/files/%D0%9B%D0%95%D0%9A%D0%A6%D0%98%D0%AF%20%E2%84%961_page-0018.jpg\"></figure><figure class=\"image\"><img src=\"/ckfinder/userfiles/files/%D0%9B%D0%95%D0%9A%D0%A6%D0%98%D0%AF%20%E2%84%961_page-0019.jpg\"></figure><figure class=\"image\"><img src=\"/ckfinder/userfiles/files/%D0%9B%D0%95%D0%9A%D0%A6%D0%98%D0%AF%20%E2%84%961_page-0020.jpg\"></figure><figure class=\"image\"><img src=\"/ckfinder/userfiles/files/%D0%9B%D0%95%D0%9A%D0%A6%D0%98%D0%AF%20%E2%84%961_page-0021.jpg\"></figure><figure class=\"image\"><img src=\"/ckfinder/userfiles/files/%D0%9B%D0%95%D0%9A%D0%A6%D0%98%D0%AF%20%E2%84%961_page-0022.jpg\"></figure><p>&nbsp;</p><p>&nbsp;</p><p>&nbsp;</p><p>&nbsp;</p><p>&nbsp;</p><p>&nbsp;</p><p>&nbsp;</p><p>&nbsp;</p><p>&nbsp;</p><p>&nbsp;</p><p>&nbsp;</p>', '2021-11-30'),
(65, 60, 'Топология сети', '<figure class=\"image\"><img src=\"/ckfinder/userfiles/files/%D0%9B%D0%B5%D0%BA%D1%86%D0%B8%D0%B8_2_3_4_page-0001.jpg\"></figure><figure class=\"image\"><img src=\"/ckfinder/userfiles/files/%D0%9B%D0%B5%D0%BA%D1%86%D0%B8%D0%B8_2_3_4_page-0002.jpg\"></figure><figure class=\"image\"><img src=\"/ckfinder/userfiles/files/%D0%9B%D0%B5%D0%BA%D1%86%D0%B8%D0%B8_2_3_4_page-0003.jpg\"></figure><figure class=\"image\"><img src=\"/ckfinder/userfiles/files/%D0%9B%D0%B5%D0%BA%D1%86%D0%B8%D0%B8_2_3_4_page-0004.jpg\"></figure><figure class=\"image\"><img src=\"/ckfinder/userfiles/files/%D0%9B%D0%B5%D0%BA%D1%86%D0%B8%D0%B8_2_3_4_page-0005.jpg\"></figure><figure class=\"image\"><img src=\"/ckfinder/userfiles/files/%D0%9B%D0%B5%D0%BA%D1%86%D0%B8%D0%B8_2_3_4_page-0006.jpg\"></figure><figure class=\"image\"><img src=\"/ckfinder/userfiles/files/%D0%9B%D0%B5%D0%BA%D1%86%D0%B8%D0%B8_2_3_4_page-0007.jpg\"></figure><figure class=\"image\"><img src=\"/ckfinder/userfiles/files/%D0%9B%D0%B5%D0%BA%D1%86%D0%B8%D0%B8_2_3_4_page-0008.jpg\"></figure><figure class=\"image\"><img src=\"/ckfinder/userfiles/files/%D0%9B%D0%B5%D0%BA%D1%86%D0%B8%D0%B8_2_3_4_page-0009.jpg\"></figure><figure class=\"image\"><img src=\"/ckfinder/userfiles/files/%D0%9B%D0%B5%D0%BA%D1%86%D0%B8%D0%B8_2_3_4_page-0010.jpg\"></figure><figure class=\"image\"><img src=\"/ckfinder/userfiles/files/%D0%9B%D0%B5%D0%BA%D1%86%D0%B8%D0%B8_2_3_4_page-0011.jpg\"></figure><figure class=\"image\"><img src=\"/ckfinder/userfiles/files/%D0%9B%D0%B5%D0%BA%D1%86%D0%B8%D0%B8_2_3_4_page-0012.jpg\"></figure><figure class=\"image\"><img src=\"/ckfinder/userfiles/files/%D0%9B%D0%B5%D0%BA%D1%86%D0%B8%D0%B8_2_3_4_page-0013.jpg\"></figure>', '2021-11-30'),
(66, 60, 'Персептрон Розенблатта', '<figure class=\"image\"><img src=\"/ckfinder/userfiles/files/%D0%9B%D0%B5%D0%BA%D1%86%D0%B8%D0%B8_2_3_4_page-0014.jpg\"></figure><figure class=\"image\"><img src=\"/ckfinder/userfiles/files/%D0%9B%D0%B5%D0%BA%D1%86%D0%B8%D0%B8_2_3_4_page-0015.jpg\"></figure><figure class=\"image\"><img src=\"/ckfinder/userfiles/files/%D0%9B%D0%B5%D0%BA%D1%86%D0%B8%D0%B8_2_3_4_page-0016.jpg\"></figure><figure class=\"image\"><img src=\"/ckfinder/userfiles/files/%D0%9B%D0%B5%D0%BA%D1%86%D0%B8%D0%B8_2_3_4_page-0017.jpg\"></figure><figure class=\"image\"><img src=\"/ckfinder/userfiles/files/%D0%9B%D0%B5%D0%BA%D1%86%D0%B8%D0%B8_2_3_4_page-0018.jpg\"></figure><figure class=\"image\"><img src=\"/ckfinder/userfiles/files/%D0%9B%D0%B5%D0%BA%D1%86%D0%B8%D0%B8_2_3_4_page-0019.jpg\"></figure><figure class=\"image\"><img src=\"/ckfinder/userfiles/files/%D0%9B%D0%B5%D0%BA%D1%86%D0%B8%D0%B8_2_3_4_page-0020.jpg\"></figure><figure class=\"image\"><img src=\"/ckfinder/userfiles/files/%D0%9B%D0%B5%D0%BA%D1%86%D0%B8%D0%B8_2_3_4_page-0021.jpg\"></figure><figure class=\"image\"><img src=\"/ckfinder/userfiles/files/%D0%9B%D0%B5%D0%BA%D1%86%D0%B8%D0%B8_2_3_4_page-0022.jpg\"></figure><figure class=\"image\"><img src=\"/ckfinder/userfiles/files/%D0%9B%D0%B5%D0%BA%D1%86%D0%B8%D0%B8_2_3_4_page-0023.jpg\"></figure><figure class=\"image\"><img src=\"/ckfinder/userfiles/files/%D0%9B%D0%B5%D0%BA%D1%86%D0%B8%D0%B8_2_3_4_page-0024.jpg\"></figure><figure class=\"image\"><img src=\"/ckfinder/userfiles/files/%D0%9B%D0%B5%D0%BA%D1%86%D0%B8%D0%B8_2_3_4_page-0025.jpg\"></figure><figure class=\"image\"><img src=\"/ckfinder/userfiles/files/%D0%9B%D0%B5%D0%BA%D1%86%D0%B8%D0%B8_2_3_4_page-0026.jpg\"></figure>', '2021-11-30'),
(67, 60, 'Правило Хебба', '<figure class=\"image\"><img src=\"/ckfinder/userfiles/files/%D0%9B%D0%B5%D0%BA%D1%86%D0%B8%D0%B8_2_3_4_page-0027.jpg\"></figure><figure class=\"image\"><img src=\"/ckfinder/userfiles/files/%D0%9B%D0%B5%D0%BA%D1%86%D0%B8%D0%B8_2_3_4_page-0028.jpg\"></figure><figure class=\"image\"><img src=\"/ckfinder/userfiles/files/%D0%9B%D0%B5%D0%BA%D1%86%D0%B8%D0%B8_2_3_4_page-0029.jpg\"></figure><figure class=\"image\"><img src=\"/ckfinder/userfiles/files/%D0%9B%D0%B5%D0%BA%D1%86%D0%B8%D0%B8_2_3_4_page-0030.jpg\"></figure><figure class=\"image\"><img src=\"/ckfinder/userfiles/files/%D0%9B%D0%B5%D0%BA%D1%86%D0%B8%D0%B8_2_3_4_page-0031.jpg\"></figure><figure class=\"image\"><img src=\"/ckfinder/userfiles/files/%D0%9B%D0%B5%D0%BA%D1%86%D0%B8%D0%B8_2_3_4_page-0032.jpg\"></figure><figure class=\"image\"><img src=\"/ckfinder/userfiles/files/%D0%9B%D0%B5%D0%BA%D1%86%D0%B8%D0%B8_2_3_4_page-0033.jpg\"></figure><figure class=\"image\"><img src=\"/ckfinder/userfiles/files/%D0%9B%D0%B5%D0%BA%D1%86%D0%B8%D0%B8_2_3_4_page-0034.jpg\"></figure><figure class=\"image\"><img src=\"/ckfinder/userfiles/files/%D0%9B%D0%B5%D0%BA%D1%86%D0%B8%D0%B8_2_3_4_page-0035.jpg\"></figure><figure class=\"image\"><img src=\"/ckfinder/userfiles/files/%D0%9B%D0%B5%D0%BA%D1%86%D0%B8%D0%B8_2_3_4_page-0036.jpg\"></figure><figure class=\"image\"><img src=\"/ckfinder/userfiles/files/%D0%9B%D0%B5%D0%BA%D1%86%D0%B8%D0%B8_2_3_4_page-0037.jpg\"></figure><figure class=\"image\"><img src=\"/ckfinder/userfiles/files/%D0%9B%D0%B5%D0%BA%D1%86%D0%B8%D0%B8_2_3_4_page-0038.jpg\"></figure><figure class=\"image\"><img src=\"/ckfinder/userfiles/files/%D0%9B%D0%B5%D0%BA%D1%86%D0%B8%D0%B8_2_3_4_page-0039.jpg\"></figure><figure class=\"image\"><img src=\"/ckfinder/userfiles/files/%D0%9B%D0%B5%D0%BA%D1%86%D0%B8%D0%B8_2_3_4_page-0040.jpg\"></figure><figure class=\"image\"><img src=\"/ckfinder/userfiles/files/%D0%9B%D0%B5%D0%BA%D1%86%D0%B8%D0%B8_2_3_4_page-0041.jpg\"></figure><figure class=\"image\"><img src=\"/ckfinder/userfiles/files/%D0%9B%D0%B5%D0%BA%D1%86%D0%B8%D0%B8_2_3_4_page-0042.jpg\"></figure>', '2021-11-30'),
(68, 60, 'Метод обратного распространения ошибки. Тонкости обучения и его улучшения', '<figure class=\"image\"><img src=\"/ckfinder/userfiles/files/%D0%9B%D0%B5%D0%BA%D1%86%D0%B8%D0%B8%205_6_page-0001.jpg\"></figure><figure class=\"image\"><img src=\"/ckfinder/userfiles/files/%D0%9B%D0%B5%D0%BA%D1%86%D0%B8%D0%B8%205_6_page-0002.jpg\"></figure><figure class=\"image\"><img src=\"/ckfinder/userfiles/files/%D0%9B%D0%B5%D0%BA%D1%86%D0%B8%D0%B8%205_6_page-0003.jpg\"></figure><figure class=\"image\"><img src=\"/ckfinder/userfiles/files/%D0%9B%D0%B5%D0%BA%D1%86%D0%B8%D0%B8%205_6_page-0004.jpg\"></figure><figure class=\"image\"><img src=\"/ckfinder/userfiles/files/%D0%9B%D0%B5%D0%BA%D1%86%D0%B8%D0%B8%205_6_page-0005.jpg\"></figure><figure class=\"image\"><img src=\"/ckfinder/userfiles/files/%D0%9B%D0%B5%D0%BA%D1%86%D0%B8%D0%B8%205_6_page-0006.jpg\"></figure><figure class=\"image\"><img src=\"/ckfinder/userfiles/files/%D0%9B%D0%B5%D0%BA%D1%86%D0%B8%D0%B8%205_6_page-0007.jpg\"></figure><figure class=\"image\"><img src=\"/ckfinder/userfiles/files/%D0%9B%D0%B5%D0%BA%D1%86%D0%B8%D0%B8%205_6_page-0008.jpg\"></figure><figure class=\"image\"><img src=\"/ckfinder/userfiles/files/%D0%9B%D0%B5%D0%BA%D1%86%D0%B8%D0%B8%205_6_page-0009.jpg\"></figure><figure class=\"image\"><img src=\"/ckfinder/userfiles/files/%D0%9B%D0%B5%D0%BA%D1%86%D0%B8%D0%B8%205_6_page-0010.jpg\"></figure><figure class=\"image\"><img src=\"/ckfinder/userfiles/files/%D0%9B%D0%B5%D0%BA%D1%86%D0%B8%D0%B8%205_6_page-0011.jpg\"></figure><figure class=\"image\"><img src=\"/ckfinder/userfiles/files/%D0%9B%D0%B5%D0%BA%D1%86%D0%B8%D0%B8%205_6_page-0012.jpg\"></figure><figure class=\"image\"><img src=\"/ckfinder/userfiles/files/%D0%9B%D0%B5%D0%BA%D1%86%D0%B8%D0%B8%205_6_page-0013.jpg\"></figure><figure class=\"image\"><img src=\"/ckfinder/userfiles/files/%D0%9B%D0%B5%D0%BA%D1%86%D0%B8%D0%B8%205_6_page-0014.jpg\"></figure><figure class=\"image\"><img src=\"/ckfinder/userfiles/files/%D0%9B%D0%B5%D0%BA%D1%86%D0%B8%D0%B8%205_6_page-0015.jpg\"></figure><figure class=\"image\"><img src=\"/ckfinder/userfiles/files/%D0%9B%D0%B5%D0%BA%D1%86%D0%B8%D0%B8%205_6_page-0016.jpg\"></figure><figure class=\"image\"><img src=\"/ckfinder/userfiles/files/%D0%9B%D0%B5%D0%BA%D1%86%D0%B8%D0%B8%205_6_page-0017.jpg\"></figure><figure class=\"image\"><img src=\"/ckfinder/userfiles/files/%D0%9B%D0%B5%D0%BA%D1%86%D0%B8%D0%B8%205_6_page-0018.jpg\"></figure><figure class=\"image\"><img src=\"/ckfinder/userfiles/files/%D0%9B%D0%B5%D0%BA%D1%86%D0%B8%D0%B8%205_6_page-0019.jpg\"></figure><figure class=\"image\"><img src=\"/ckfinder/userfiles/files/%D0%9B%D0%B5%D0%BA%D1%86%D0%B8%D0%B8%205_6_page-0020.jpg\"></figure><figure class=\"image\"><img src=\"/ckfinder/userfiles/files/%D0%9B%D0%B5%D0%BA%D1%86%D0%B8%D0%B8%205_6_page-0021.jpg\"></figure><figure class=\"image\"><img src=\"/ckfinder/userfiles/files/%D0%9B%D0%B5%D0%BA%D1%86%D0%B8%D0%B8%205_6_page-0022.jpg\"></figure><figure class=\"image\"><img src=\"/ckfinder/userfiles/files/%D0%9B%D0%B5%D0%BA%D1%86%D0%B8%D0%B8%205_6_page-0023.jpg\"></figure><figure class=\"image\"><img src=\"/ckfinder/userfiles/files/%D0%9B%D0%B5%D0%BA%D1%86%D0%B8%D0%B8%205_6_page-0024.jpg\"></figure><figure class=\"image\"><img src=\"/ckfinder/userfiles/files/%D0%9B%D0%B5%D0%BA%D1%86%D0%B8%D0%B8%205_6_page-0025.jpg\"></figure><figure class=\"image\"><img src=\"/ckfinder/userfiles/files/%D0%9B%D0%B5%D0%BA%D1%86%D0%B8%D0%B8%205_6_page-0026.jpg\"></figure><figure class=\"image\"><img src=\"/ckfinder/userfiles/files/%D0%9B%D0%B5%D0%BA%D1%86%D0%B8%D0%B8%205_6_page-0027.jpg\"></figure><figure class=\"image\"><img src=\"/ckfinder/userfiles/files/%D0%9B%D0%B5%D0%BA%D1%86%D0%B8%D0%B8%205_6_page-0028.jpg\"></figure><figure class=\"image\"><img src=\"/ckfinder/userfiles/files/%D0%9B%D0%B5%D0%BA%D1%86%D0%B8%D0%B8%205_6_page-0029.jpg\"></figure>', '2021-11-30'),
(69, 60, 'Сети Кохонена', '<figure class=\"image\"><img src=\"/ckfinder/userfiles/files/%D0%9B%D0%B5%D0%BA%D1%86%D0%B8%D0%B8_7_8_9_page-0001.jpg\"></figure><figure class=\"image\"><img src=\"/ckfinder/userfiles/files/%D0%9B%D0%B5%D0%BA%D1%86%D0%B8%D0%B8_7_8_9_page-0002.jpg\"></figure><figure class=\"image\"><img src=\"/ckfinder/userfiles/files/%D0%9B%D0%B5%D0%BA%D1%86%D0%B8%D0%B8_7_8_9_page-0003.jpg\"></figure><figure class=\"image\"><img src=\"/ckfinder/userfiles/files/%D0%9B%D0%B5%D0%BA%D1%86%D0%B8%D0%B8_7_8_9_page-0004.jpg\"></figure><figure class=\"image\"><img src=\"/ckfinder/userfiles/files/%D0%9B%D0%B5%D0%BA%D1%86%D0%B8%D0%B8_7_8_9_page-0005.jpg\"></figure><figure class=\"image\"><img src=\"/ckfinder/userfiles/files/%D0%9B%D0%B5%D0%BA%D1%86%D0%B8%D0%B8_7_8_9_page-0006.jpg\"></figure><figure class=\"image\"><img src=\"/ckfinder/userfiles/files/%D0%9B%D0%B5%D0%BA%D1%86%D0%B8%D0%B8_7_8_9_page-0007.jpg\"></figure><figure class=\"image\"><img src=\"/ckfinder/userfiles/files/%D0%9B%D0%B5%D0%BA%D1%86%D0%B8%D0%B8_7_8_9_page-0008.jpg\"></figure><figure class=\"image\"><img src=\"/ckfinder/userfiles/files/%D0%9B%D0%B5%D0%BA%D1%86%D0%B8%D0%B8_7_8_9_page-0009.jpg\"></figure><figure class=\"image\"><img src=\"/ckfinder/userfiles/files/%D0%9B%D0%B5%D0%BA%D1%86%D0%B8%D0%B8_7_8_9_page-0010.jpg\"></figure><figure class=\"image\"><img src=\"/ckfinder/userfiles/files/%D0%9B%D0%B5%D0%BA%D1%86%D0%B8%D0%B8_7_8_9_page-0011.jpg\"></figure><figure class=\"image\"><img src=\"/ckfinder/userfiles/files/%D0%9B%D0%B5%D0%BA%D1%86%D0%B8%D0%B8_7_8_9_page-0012.jpg\"></figure>', '2021-11-30'),
(70, 60, 'Сети встречного распространения', '<figure class=\"image\"><img src=\"/ckfinder/userfiles/files/%D0%9B%D0%B5%D0%BA%D1%86%D0%B8%D0%B8_7_8_9_page-0013.jpg\"></figure><figure class=\"image\"><img src=\"/ckfinder/userfiles/files/%D0%9B%D0%B5%D0%BA%D1%86%D0%B8%D0%B8_7_8_9_page-0014.jpg\"></figure><figure class=\"image\"><img src=\"/ckfinder/userfiles/files/%D0%9B%D0%B5%D0%BA%D1%86%D0%B8%D0%B8_7_8_9_page-0015.jpg\"></figure><figure class=\"image\"><img src=\"/ckfinder/userfiles/files/%D0%9B%D0%B5%D0%BA%D1%86%D0%B8%D0%B8_7_8_9_page-0016.jpg\"></figure><figure class=\"image\"><img src=\"/ckfinder/userfiles/files/%D0%9B%D0%B5%D0%BA%D1%86%D0%B8%D0%B8_7_8_9_page-0017.jpg\"></figure><figure class=\"image\"><img src=\"/ckfinder/userfiles/files/%D0%9B%D0%B5%D0%BA%D1%86%D0%B8%D0%B8_7_8_9_page-0018.jpg\"></figure><figure class=\"image\"><img src=\"/ckfinder/userfiles/files/%D0%9B%D0%B5%D0%BA%D1%86%D0%B8%D0%B8_7_8_9_page-0019.jpg\"></figure><figure class=\"image\"><img src=\"/ckfinder/userfiles/files/%D0%9B%D0%B5%D0%BA%D1%86%D0%B8%D0%B8_7_8_9_page-0020.jpg\"></figure><figure class=\"image\"><img src=\"/ckfinder/userfiles/files/%D0%9B%D0%B5%D0%BA%D1%86%D0%B8%D0%B8_7_8_9_page-0021.jpg\"></figure><figure class=\"image\"><img src=\"/ckfinder/userfiles/files/%D0%9B%D0%B5%D0%BA%D1%86%D0%B8%D0%B8_7_8_9_page-0022.jpg\"></figure><figure class=\"image\"><img src=\"/ckfinder/userfiles/files/%D0%9B%D0%B5%D0%BA%D1%86%D0%B8%D0%B8_7_8_9_page-0023.jpg\"></figure><figure class=\"image\"><img src=\"/ckfinder/userfiles/files/%D0%9B%D0%B5%D0%BA%D1%86%D0%B8%D0%B8_7_8_9_page-0024.jpg\"></figure><figure class=\"image\"><img src=\"/ckfinder/userfiles/files/%D0%9B%D0%B5%D0%BA%D1%86%D0%B8%D0%B8_7_8_9_page-0025.jpg\"></figure><figure class=\"image\"><img src=\"/ckfinder/userfiles/files/%D0%9B%D0%B5%D0%BA%D1%86%D0%B8%D0%B8_7_8_9_page-0026.jpg\"></figure><figure class=\"image\"><img src=\"/ckfinder/userfiles/files/%D0%9B%D0%B5%D0%BA%D1%86%D0%B8%D0%B8_7_8_9_page-0027.jpg\"></figure><figure class=\"image\"><img src=\"/ckfinder/userfiles/files/%D0%9B%D0%B5%D0%BA%D1%86%D0%B8%D0%B8_7_8_9_page-0028.jpg\"></figure><figure class=\"image\"><img src=\"/ckfinder/userfiles/files/%D0%9B%D0%B5%D0%BA%D1%86%D0%B8%D0%B8_7_8_9_page-0029.jpg\"></figure><figure class=\"image\"><img src=\"/ckfinder/userfiles/files/%D0%9B%D0%B5%D0%BA%D1%86%D0%B8%D0%B8_7_8_9_page-0030.jpg\"></figure>', '2021-11-30'),
(71, 60, 'Сети Хемминга', '<figure class=\"image\"><img src=\"/ckfinder/userfiles/files/%D0%9B%D0%B5%D0%BA%D1%86%D0%B8%D1%8F_13_page-0001.jpg\"></figure><figure class=\"image\"><img src=\"/ckfinder/userfiles/files/%D0%9B%D0%B5%D0%BA%D1%86%D0%B8%D1%8F_13_page-0002.jpg\"></figure><figure class=\"image\"><img src=\"/ckfinder/userfiles/files/%D0%9B%D0%B5%D0%BA%D1%86%D0%B8%D1%8F_13_page-0003.jpg\"></figure><figure class=\"image\"><img src=\"/ckfinder/userfiles/files/%D0%9B%D0%B5%D0%BA%D1%86%D0%B8%D1%8F_13_page-0004.jpg\"></figure><figure class=\"image\"><img src=\"/ckfinder/userfiles/files/%D0%9B%D0%B5%D0%BA%D1%86%D0%B8%D1%8F_13_page-0005.jpg\"></figure><figure class=\"image\"><img src=\"/ckfinder/userfiles/files/%D0%9B%D0%B5%D0%BA%D1%86%D0%B8%D1%8F_13_page-0006.jpg\"></figure><figure class=\"image\"><img src=\"/ckfinder/userfiles/files/%D0%9B%D0%B5%D0%BA%D1%86%D0%B8%D1%8F_13_page-0007.jpg\"></figure><figure class=\"image\"><img src=\"/ckfinder/userfiles/files/%D0%9B%D0%B5%D0%BA%D1%86%D0%B8%D1%8F_13_page-0008.jpg\"></figure><figure class=\"image\"><img src=\"/ckfinder/userfiles/files/%D0%9B%D0%B5%D0%BA%D1%86%D0%B8%D1%8F_13_page-0009.jpg\"></figure><figure class=\"image\"><img src=\"/ckfinder/userfiles/files/%D0%9B%D0%B5%D0%BA%D1%86%D0%B8%D1%8F_13_page-0010.jpg\"></figure><figure class=\"image\"><img src=\"/ckfinder/userfiles/files/%D0%9B%D0%B5%D0%BA%D1%86%D0%B8%D1%8F_13_page-0011.jpg\"></figure><figure class=\"image\"><img src=\"/ckfinder/userfiles/files/%D0%9B%D0%B5%D0%BA%D1%86%D0%B8%D1%8F_13_page-0012.jpg\"></figure><figure class=\"image\"><img src=\"/ckfinder/userfiles/files/%D0%9B%D0%B5%D0%BA%D1%86%D0%B8%D1%8F_13_page-0013.jpg\"></figure><figure class=\"image\"><img src=\"/ckfinder/userfiles/files/%D0%9B%D0%B5%D0%BA%D1%86%D0%B8%D1%8F_13_page-0014.jpg\"></figure><figure class=\"image\"><img src=\"/ckfinder/userfiles/files/%D0%9B%D0%B5%D0%BA%D1%86%D0%B8%D1%8F_13_page-0015.jpg\"></figure><figure class=\"image\"><img src=\"/ckfinder/userfiles/files/%D0%9B%D0%B5%D0%BA%D1%86%D0%B8%D1%8F_13_page-0016.jpg\"></figure>', '2021-11-30'),
(72, 60, 'АРТ - сети', '<figure class=\"image\"><img src=\"/ckfinder/userfiles/files/%D0%9B%D0%B5%D0%BA%D1%86%D0%B8%D0%B8_14_15_page-0001.jpg\"></figure><figure class=\"image\"><img src=\"/ckfinder/userfiles/files/%D0%9B%D0%B5%D0%BA%D1%86%D0%B8%D0%B8_14_15_page-0002.jpg\"></figure><figure class=\"image\"><img src=\"/ckfinder/userfiles/files/%D0%9B%D0%B5%D0%BA%D1%86%D0%B8%D0%B8_14_15_page-0003.jpg\"></figure><figure class=\"image\"><img src=\"/ckfinder/userfiles/files/%D0%9B%D0%B5%D0%BA%D1%86%D0%B8%D0%B8_14_15_page-0004.jpg\"></figure><figure class=\"image\"><img src=\"/ckfinder/userfiles/files/%D0%9B%D0%B5%D0%BA%D1%86%D0%B8%D0%B8_14_15_page-0005.jpg\"></figure><figure class=\"image\"><img src=\"/ckfinder/userfiles/files/%D0%9B%D0%B5%D0%BA%D1%86%D0%B8%D0%B8_14_15_page-0006.jpg\"></figure><figure class=\"image\"><img src=\"/ckfinder/userfiles/files/%D0%9B%D0%B5%D0%BA%D1%86%D0%B8%D0%B8_14_15_page-0007.jpg\"></figure><figure class=\"image\"><img src=\"/ckfinder/userfiles/files/%D0%9B%D0%B5%D0%BA%D1%86%D0%B8%D0%B8_14_15_page-0008.jpg\"></figure><figure class=\"image\"><img src=\"/ckfinder/userfiles/files/%D0%9B%D0%B5%D0%BA%D1%86%D0%B8%D0%B8_14_15_page-0009.jpg\"></figure><figure class=\"image\"><img src=\"/ckfinder/userfiles/files/%D0%9B%D0%B5%D0%BA%D1%86%D0%B8%D0%B8_14_15_page-0010.jpg\"></figure><figure class=\"image\"><img src=\"/ckfinder/userfiles/files/%D0%9B%D0%B5%D0%BA%D1%86%D0%B8%D0%B8_14_15_page-0011.jpg\"></figure><figure class=\"image\"><img src=\"/ckfinder/userfiles/files/%D0%9B%D0%B5%D0%BA%D1%86%D0%B8%D0%B8_14_15_page-0012.jpg\"></figure><figure class=\"image\"><img src=\"/ckfinder/userfiles/files/%D0%9B%D0%B5%D0%BA%D1%86%D0%B8%D0%B8_14_15_page-0013.jpg\"></figure><figure class=\"image\"><img src=\"/ckfinder/userfiles/files/%D0%9B%D0%B5%D0%BA%D1%86%D0%B8%D0%B8_14_15_page-0014.jpg\"></figure><figure class=\"image\"><img src=\"/ckfinder/userfiles/files/%D0%9B%D0%B5%D0%BA%D1%86%D0%B8%D0%B8_14_15_page-0015.jpg\"></figure><figure class=\"image\"><img src=\"/ckfinder/userfiles/files/%D0%9B%D0%B5%D0%BA%D1%86%D0%B8%D0%B8_14_15_page-0016.jpg\"></figure><figure class=\"image\"><img src=\"/ckfinder/userfiles/files/%D0%9B%D0%B5%D0%BA%D1%86%D0%B8%D0%B8_14_15_page-0017.jpg\"></figure><figure class=\"image\"><img src=\"/ckfinder/userfiles/files/%D0%9B%D0%B5%D0%BA%D1%86%D0%B8%D0%B8_14_15_page-0018.jpg\"></figure><figure class=\"image\"><img src=\"/ckfinder/userfiles/files/%D0%9B%D0%B5%D0%BA%D1%86%D0%B8%D0%B8_14_15_page-0019.jpg\"></figure>', '2021-11-30'),
(73, 60, 'Сверточные нейронные сети', '<figure class=\"image\"><img src=\"/ckfinder/userfiles/files/%D0%9B%D0%B5%D0%BA%D1%86%D0%B8%D1%8F%2016_page-0001.jpg\"></figure><figure class=\"image\"><img src=\"/ckfinder/userfiles/files/%D0%9B%D0%B5%D0%BA%D1%86%D0%B8%D1%8F%2016_page-0002.jpg\"></figure><figure class=\"image\"><img src=\"/ckfinder/userfiles/files/%D0%9B%D0%B5%D0%BA%D1%86%D0%B8%D1%8F%2016_page-0003.jpg\"></figure><figure class=\"image\"><img src=\"/ckfinder/userfiles/files/%D0%9B%D0%B5%D0%BA%D1%86%D0%B8%D1%8F%2016_page-0004.jpg\"></figure><figure class=\"image\"><img src=\"/ckfinder/userfiles/files/%D0%9B%D0%B5%D0%BA%D1%86%D0%B8%D1%8F%2016_page-0005.jpg\"></figure><figure class=\"image\"><img src=\"/ckfinder/userfiles/files/%D0%9B%D0%B5%D0%BA%D1%86%D0%B8%D1%8F%2016_page-0006.jpg\"></figure><figure class=\"image\"><img src=\"/ckfinder/userfiles/files/%D0%9B%D0%B5%D0%BA%D1%86%D0%B8%D1%8F%2016_page-0007.jpg\"></figure><figure class=\"image\"><img src=\"/ckfinder/userfiles/files/%D0%9B%D0%B5%D0%BA%D1%86%D0%B8%D1%8F%2016_page-0008.jpg\"></figure><figure class=\"image\"><img src=\"/ckfinder/userfiles/files/%D0%9B%D0%B5%D0%BA%D1%86%D0%B8%D1%8F%2016_page-0009.jpg\"></figure><figure class=\"image\"><img src=\"/ckfinder/userfiles/files/%D0%9B%D0%B5%D0%BA%D1%86%D0%B8%D1%8F%2016_page-0010.jpg\"></figure><figure class=\"image\"><img src=\"/ckfinder/userfiles/files/%D0%9B%D0%B5%D0%BA%D1%86%D0%B8%D1%8F%2016_page-0011.jpg\"></figure><figure class=\"image\"><img src=\"/ckfinder/userfiles/files/%D0%9B%D0%B5%D0%BA%D1%86%D0%B8%D1%8F%2016_page-0012.jpg\"></figure><figure class=\"image\"><img src=\"/ckfinder/userfiles/files/%D0%9B%D0%B5%D0%BA%D1%86%D0%B8%D1%8F%2016_page-0013.jpg\"></figure><figure class=\"image\"><img src=\"/ckfinder/userfiles/files/%D0%9B%D0%B5%D0%BA%D1%86%D0%B8%D1%8F%2016_page-0014.jpg\"></figure><figure class=\"image\"><img src=\"/ckfinder/userfiles/files/%D0%9B%D0%B5%D0%BA%D1%86%D0%B8%D1%8F%2016_page-0015.jpg\"></figure>', '2021-11-30'),
(74, 59, 'Уравнение в частных производных первого и второго порядков', '<figure class=\"image\"><img src=\"/ckfinder/userfiles/files/lectureUMF_page-0006.jpg\"></figure><figure class=\"image\"><img src=\"/ckfinder/userfiles/files/lectureUMF_page-0007.jpg\"></figure><figure class=\"image\"><img src=\"/ckfinder/userfiles/files/lectureUMF_page-0008.jpg\"></figure><figure class=\"image\"><img src=\"/ckfinder/userfiles/files/lectureUMF_page-0009.jpg\"></figure><figure class=\"image\"><img src=\"/ckfinder/userfiles/files/lectureUMF_page-0010.jpg\"></figure><figure class=\"image\"><img src=\"/ckfinder/userfiles/files/lectureUMF_page-0011.jpg\"></figure><figure class=\"image\"><img src=\"/ckfinder/userfiles/files/lectureUMF_page-0012.jpg\"></figure><figure class=\"image\"><img src=\"/ckfinder/userfiles/files/lectureUMF_page-0013.jpg\"></figure><figure class=\"image\"><img src=\"/ckfinder/userfiles/files/lectureUMF_page-0014.jpg\"></figure><figure class=\"image\"><img src=\"/ckfinder/userfiles/files/lectureUMF_page-0015.jpg\"></figure><figure class=\"image\"><img src=\"/ckfinder/userfiles/files/lectureUMF_page-0016.jpg\"></figure><figure class=\"image\"><img src=\"/ckfinder/userfiles/files/lectureUMF_page-0017.jpg\"></figure><figure class=\"image\"><img src=\"/ckfinder/userfiles/files/lectureUMF_page-0018.jpg\"></figure><figure class=\"image\"><img src=\"/ckfinder/userfiles/files/lectureUMF_page-0019.jpg\"></figure><figure class=\"image\"><img src=\"/ckfinder/userfiles/files/lectureUMF_page-0020.jpg\"></figure><figure class=\"image\"><img src=\"/ckfinder/userfiles/files/lectureUMF_page-0021.jpg\"></figure>', '2021-11-30'),
(75, 59, 'Волновые математические модели', '<figure class=\"image\"><img src=\"/ckfinder/userfiles/files/lectureUMF_page-0022.jpg\"></figure><figure class=\"image\"><img src=\"/ckfinder/userfiles/files/lectureUMF_page-0023.jpg\"></figure><figure class=\"image\"><img src=\"/ckfinder/userfiles/files/lectureUMF_page-0024.jpg\"></figure><figure class=\"image\"><img src=\"/ckfinder/userfiles/files/lectureUMF_page-0025.jpg\"></figure><figure class=\"image\"><img src=\"/ckfinder/userfiles/files/lectureUMF_page-0026.jpg\"></figure><figure class=\"image\"><img src=\"/ckfinder/userfiles/files/lectureUMF_page-0027.jpg\"></figure><figure class=\"image\"><img src=\"/ckfinder/userfiles/files/lectureUMF_page-0028.jpg\"></figure><figure class=\"image\"><img src=\"/ckfinder/userfiles/files/lectureUMF_page-0029.jpg\"></figure><figure class=\"image\"><img src=\"/ckfinder/userfiles/files/lectureUMF_page-0030.jpg\"></figure><figure class=\"image\"><img src=\"/ckfinder/userfiles/files/lectureUMF_page-0031.jpg\"></figure><figure class=\"image\"><img src=\"/ckfinder/userfiles/files/lectureUMF_page-0032.jpg\"></figure><figure class=\"image\"><img src=\"/ckfinder/userfiles/files/lectureUMF_page-0033.jpg\"></figure><figure class=\"image\"><img src=\"/ckfinder/userfiles/files/lectureUMF_page-0034.jpg\"></figure><figure class=\"image\"><img src=\"/ckfinder/userfiles/files/lectureUMF_page-0035.jpg\"></figure><figure class=\"image\"><img src=\"/ckfinder/userfiles/files/lectureUMF_page-0036.jpg\"></figure><figure class=\"image\"><img src=\"/ckfinder/userfiles/files/lectureUMF_page-0037.jpg\"></figure><figure class=\"image\"><img></figure><figure class=\"image\"><img></figure><figure class=\"image\"><img></figure><figure class=\"image\"><img></figure><figure class=\"image\"><img></figure><figure class=\"image\"><img></figure><figure class=\"image\"><img></figure><figure class=\"image\"><img></figure><figure class=\"image\"><img></figure><figure class=\"image\"><img></figure><figure class=\"image\"><img></figure><figure class=\"image\"><img></figure><figure class=\"image\"><img></figure><figure class=\"image\"><img></figure><figure class=\"image\"><img></figure><figure class=\"image\"><img></figure><figure class=\"image\"><img></figure><figure class=\"image\"><img></figure><figure class=\"image\"><img></figure><figure class=\"image\"><img></figure><figure class=\"image\"><img></figure><figure class=\"image\"><img></figure><figure class=\"image\"><img></figure><figure class=\"image\"><img></figure><figure class=\"image\"><img></figure><figure class=\"image\"><img></figure><figure class=\"image\"><img></figure><figure class=\"image\"><img></figure><figure class=\"image\"><img></figure><figure class=\"image\"><img></figure><figure class=\"image\"><img></figure><figure class=\"image\"><img></figure><figure class=\"image\"><img></figure>', '2021-11-30'),
(76, 59, 'Модели теплопроводности', '<figure class=\"image\"><img src=\"/ckfinder/userfiles/files/lectureUMF_page-0071.jpg\"></figure><figure class=\"image\"><img src=\"/ckfinder/userfiles/files/lectureUMF_page-0072.jpg\"></figure><figure class=\"image\"><img src=\"/ckfinder/userfiles/files/lectureUMF_page-0073.jpg\"></figure><figure class=\"image\"><img src=\"/ckfinder/userfiles/files/lectureUMF_page-0074.jpg\"></figure><figure class=\"image\"><img src=\"/ckfinder/userfiles/files/lectureUMF_page-0075.jpg\"></figure><figure class=\"image\"><img src=\"/ckfinder/userfiles/files/lectureUMF_page-0076.jpg\"></figure><figure class=\"image\"><img src=\"/ckfinder/userfiles/files/lectureUMF_page-0077.jpg\"></figure><figure class=\"image\"><img src=\"/ckfinder/userfiles/files/lectureUMF_page-0078.jpg\"></figure><figure class=\"image\"><img src=\"/ckfinder/userfiles/files/lectureUMF_page-0079.jpg\"></figure><figure class=\"image\"><img src=\"/ckfinder/userfiles/files/lectureUMF_page-0080.jpg\"></figure><figure class=\"image\"><img src=\"/ckfinder/userfiles/files/lectureUMF_page-0081.jpg\"></figure><figure class=\"image\"><img src=\"/ckfinder/userfiles/files/lectureUMF_page-0082.jpg\"></figure><figure class=\"image\"><img src=\"/ckfinder/userfiles/files/lectureUMF_page-0083.jpg\"></figure><figure class=\"image\"><img src=\"/ckfinder/userfiles/files/lectureUMF_page-0084.jpg\"></figure><figure class=\"image\"><img src=\"/ckfinder/userfiles/files/lectureUMF_page-0085.jpg\"></figure><figure class=\"image\"><img src=\"/ckfinder/userfiles/files/lectureUMF_page-0086.jpg\"></figure><figure class=\"image\"><img src=\"/ckfinder/userfiles/files/lectureUMF_page-0087.jpg\"></figure><figure class=\"image\"><img src=\"/ckfinder/userfiles/files/lectureUMF_page-0088.jpg\"></figure><figure class=\"image\"><img src=\"/ckfinder/userfiles/files/lectureUMF_page-0089.jpg\"></figure><figure class=\"image\"><img src=\"/ckfinder/userfiles/files/lectureUMF_page-0090.jpg\"></figure><figure class=\"image\"><img src=\"/ckfinder/userfiles/files/lectureUMF_page-0091.jpg\"></figure><figure class=\"image\"><img src=\"/ckfinder/userfiles/files/lectureUMF_page-0092.jpg\"></figure><figure class=\"image\"><img src=\"/ckfinder/userfiles/files/lectureUMF_page-0093.jpg\"></figure><figure class=\"image\"><img src=\"/ckfinder/userfiles/files/lectureUMF_page-0094.jpg\"></figure><figure class=\"image\"><img src=\"/ckfinder/userfiles/files/lectureUMF_page-0095.jpg\"></figure><figure class=\"image\"><img src=\"/ckfinder/userfiles/files/lectureUMF_page-0096.jpg\"></figure><figure class=\"image\"><img src=\"/ckfinder/userfiles/files/lectureUMF_page-0097.jpg\"></figure><figure class=\"image\"><img src=\"/ckfinder/userfiles/files/lectureUMF_page-0098.jpg\"></figure><figure class=\"image\"><img src=\"/ckfinder/userfiles/files/lectureUMF_page-0099.jpg\"></figure><figure class=\"image\"><img src=\"/ckfinder/userfiles/files/lectureUMF_page-0100.jpg\"></figure><figure class=\"image\"><img src=\"/ckfinder/userfiles/files/lectureUMF_page-0101.jpg\"></figure><figure class=\"image\"><img src=\"/ckfinder/userfiles/files/lectureUMF_page-0102.jpg\"></figure><figure class=\"image\"><img src=\"/ckfinder/userfiles/files/lectureUMF_page-0103.jpg\"></figure>', '2021-11-30'),
(77, 59, 'Математические модели стационарного теплового поля', '<figure class=\"image\"><img src=\"/ckfinder/userfiles/files/lectureUMF_page-0104.jpg\"></figure><figure class=\"image\"><img src=\"/ckfinder/userfiles/files/lectureUMF_page-0105.jpg\"></figure><figure class=\"image\"><img src=\"/ckfinder/userfiles/files/lectureUMF_page-0106.jpg\"></figure><figure class=\"image\"><img src=\"/ckfinder/userfiles/files/lectureUMF_page-0107.jpg\"></figure><figure class=\"image\"><img src=\"/ckfinder/userfiles/files/lectureUMF_page-0108.jpg\"></figure><figure class=\"image\"><img src=\"/ckfinder/userfiles/files/lectureUMF_page-0109.jpg\"></figure><figure class=\"image\"><img src=\"/ckfinder/userfiles/files/lectureUMF_page-0110.jpg\"></figure><figure class=\"image\"><img src=\"/ckfinder/userfiles/files/lectureUMF_page-0111.jpg\"></figure><figure class=\"image\"><img src=\"/ckfinder/userfiles/files/lectureUMF_page-0112.jpg\"></figure><figure class=\"image\"><img src=\"/ckfinder/userfiles/files/lectureUMF_page-0113.jpg\"></figure><figure class=\"image\"><img src=\"/ckfinder/userfiles/files/lectureUMF_page-0114.jpg\"></figure><figure class=\"image\"><img src=\"/ckfinder/userfiles/files/lectureUMF_page-0115.jpg\"></figure><figure class=\"image\"><img src=\"/ckfinder/userfiles/files/lectureUMF_page-0116.jpg\"></figure><figure class=\"image\"><img src=\"/ckfinder/userfiles/files/lectureUMF_page-0117.jpg\"></figure><figure class=\"image\"><img src=\"/ckfinder/userfiles/files/lectureUMF_page-0118.jpg\"></figure><figure class=\"image\"><img src=\"/ckfinder/userfiles/files/lectureUMF_page-0119.jpg\"></figure><figure class=\"image\"><img src=\"/ckfinder/userfiles/files/lectureUMF_page-0120.jpg\"></figure><figure class=\"image\"><img src=\"/ckfinder/userfiles/files/lectureUMF_page-0121.jpg\"></figure><figure class=\"image\"><img src=\"/ckfinder/userfiles/files/lectureUMF_page-0122.jpg\"></figure><figure class=\"image\"><img src=\"/ckfinder/userfiles/files/lectureUMF_page-0123.jpg\"></figure><figure class=\"image\"><img src=\"/ckfinder/userfiles/files/lectureUMF_page-0124.jpg\"></figure><figure class=\"image\"><img src=\"/ckfinder/userfiles/files/lectureUMF_page-0125.jpg\"></figure><figure class=\"image\"><img src=\"/ckfinder/userfiles/files/lectureUMF_page-0126.jpg\"></figure><figure class=\"image\"><img src=\"/ckfinder/userfiles/files/lectureUMF_page-0127.jpg\"></figure><figure class=\"image\"><img src=\"/ckfinder/userfiles/files/lectureUMF_page-0128.jpg\"></figure><figure class=\"image\"><img></figure><figure class=\"image\"><img></figure><figure class=\"image\"><img></figure><figure class=\"image\"><img></figure><figure class=\"image\"><img></figure><figure class=\"image\"><img></figure><figure class=\"image\"><img></figure><figure class=\"image\"><img></figure><figure class=\"image\"><img></figure><figure class=\"image\"><img></figure><figure class=\"image\"><img></figure><figure class=\"image\"><img></figure><figure class=\"image\"><img></figure><figure class=\"image\"><img></figure><figure class=\"image\"><img></figure><figure class=\"image\"><img></figure><figure class=\"image\"><img></figure><figure class=\"image\"><img></figure><figure class=\"image\"><img></figure><figure class=\"image\"><img></figure><figure class=\"image\"><img></figure><figure class=\"image\"><img></figure><figure class=\"image\"><img></figure><figure class=\"image\"><img></figure><figure class=\"image\"><img></figure><figure class=\"image\"><img></figure>', '2021-11-30'),
(78, 58, 'Элементы теории множеств', '<figure class=\"image\"><img src=\"/ckfinder/userfiles/files/sets_page-0001.jpg\"></figure><figure class=\"image\"><img src=\"/ckfinder/userfiles/files/sets_page-0002.jpg\"></figure><figure class=\"image\"><img src=\"/ckfinder/userfiles/files/sets_page-0003.jpg\"></figure><figure class=\"image\"><img src=\"/ckfinder/userfiles/files/sets_page-0004.jpg\"></figure>', '2021-11-30'),
(79, 58, 'Метрические пространства', '<figure class=\"image\"><img src=\"/ckfinder/userfiles/files/%D0%BC%D0%B5%D1%82%D1%80%D0%B8%D0%BA%D0%B8_1_page-0001.jpg\"></figure><figure class=\"image\"><img src=\"/ckfinder/userfiles/files/%D0%BC%D0%B5%D1%82%D1%80%D0%B8%D0%BA%D0%B8_1_page-0002.jpg\"></figure><figure class=\"image\"><img src=\"/ckfinder/userfiles/files/%D0%BC%D0%B5%D1%82%D1%80%D0%B8%D0%BA%D0%B8_1_page-0003.jpg\"></figure><figure class=\"image\"><img src=\"/ckfinder/userfiles/files/%D0%BC%D0%B5%D1%82%D1%80%D0%B8%D0%BA%D0%B8_1_page-0004.jpg\"></figure><figure class=\"image\"><img src=\"/ckfinder/userfiles/files/%D0%BC%D0%B5%D1%82%D1%80%D0%B8%D0%BA%D0%B8_1_page-0005.jpg\"></figure><figure class=\"image\"><img src=\"/ckfinder/userfiles/files/%D0%BC%D0%B5%D1%82%D1%80%D0%B8%D0%BA%D0%B8_1_page-0006.jpg\"></figure><figure class=\"image\"><img src=\"/ckfinder/userfiles/files/%D0%BC%D0%B5%D1%82%D1%80%D0%B8%D0%BA%D0%B8_1_page-0007.jpg\"></figure>', '2021-11-30'),
(80, 58, 'Нормированные пространства', '<figure class=\"image\"><img src=\"/ckfinder/userfiles/files/Lin_norm_page-0001.jpg\"></figure><figure class=\"image\"><img src=\"/ckfinder/userfiles/files/Lin_norm_page-0002.jpg\"></figure><figure class=\"image\"><img src=\"/ckfinder/userfiles/files/Lin_norm_page-0003.jpg\"></figure><figure class=\"image\"><img src=\"/ckfinder/userfiles/files/Lin_norm_page-0004.jpg\"></figure><figure class=\"image\"><img src=\"/ckfinder/userfiles/files/Lin_norm_page-0005.jpg\"></figure>', '2021-11-30'),
(81, 57, 'Метод неопределенных коэффициентов решения линейного неоднородного уравнения с постоянными коэффициентами', '<figure class=\"image\"><img src=\"/ckfinder/userfiles/files/%D0%BC%D0%B5%D1%82%D0%BE%D0%B4_%D0%BD%D0%B5%D0%BE%D0%BF%D1%80%D0%B5%D0%B4%D0%B5%D0%BB%D0%B5%D0%BD%D0%BD%D1%8B%D1%85_%D0%BA%D0%BE%D1%8D%D1%84%D1%84%D0%B8%D1%86%D0%B8%D0%B5%D0%BD%D1%82%D0%BE%D0%B2_page-0001.jpg\"></figure><figure class=\"image\"><img src=\"/ckfinder/userfiles/files/%D0%BC%D0%B5%D1%82%D0%BE%D0%B4_%D0%BD%D0%B5%D0%BE%D0%BF%D1%80%D0%B5%D0%B4%D0%B5%D0%BB%D0%B5%D0%BD%D0%BD%D1%8B%D1%85_%D0%BA%D0%BE%D1%8D%D1%84%D1%84%D0%B8%D1%86%D0%B8%D0%B5%D0%BD%D1%82%D0%BE%D0%B2_page-0002.jpg\"></figure><figure class=\"image\"><img src=\"/ckfinder/userfiles/files/%D0%BC%D0%B5%D1%82%D0%BE%D0%B4_%D0%BD%D0%B5%D0%BE%D0%BF%D1%80%D0%B5%D0%B4%D0%B5%D0%BB%D0%B5%D0%BD%D0%BD%D1%8B%D1%85_%D0%BA%D0%BE%D1%8D%D1%84%D1%84%D0%B8%D1%86%D0%B8%D0%B5%D0%BD%D1%82%D0%BE%D0%B2_page-0003.jpg\"></figure><figure class=\"image\"><img src=\"/ckfinder/userfiles/files/%D0%BC%D0%B5%D1%82%D0%BE%D0%B4_%D0%BD%D0%B5%D0%BE%D0%BF%D1%80%D0%B5%D0%B4%D0%B5%D0%BB%D0%B5%D0%BD%D0%BD%D1%8B%D1%85_%D0%BA%D0%BE%D1%8D%D1%84%D1%84%D0%B8%D1%86%D0%B8%D0%B5%D0%BD%D1%82%D0%BE%D0%B2_page-0004.jpg\"></figure><figure class=\"image\"><img src=\"/ckfinder/userfiles/files/%D0%BC%D0%B5%D1%82%D0%BE%D0%B4_%D0%BD%D0%B5%D0%BE%D0%BF%D1%80%D0%B5%D0%B4%D0%B5%D0%BB%D0%B5%D0%BD%D0%BD%D1%8B%D1%85_%D0%BA%D0%BE%D1%8D%D1%84%D1%84%D0%B8%D1%86%D0%B8%D0%B5%D0%BD%D1%82%D0%BE%D0%B2_page-0005.jpg\"></figure><figure class=\"image\"><img src=\"/ckfinder/userfiles/files/%D0%BC%D0%B5%D1%82%D0%BE%D0%B4_%D0%BD%D0%B5%D0%BE%D0%BF%D1%80%D0%B5%D0%B4%D0%B5%D0%BB%D0%B5%D0%BD%D0%BD%D1%8B%D1%85_%D0%BA%D0%BE%D1%8D%D1%84%D1%84%D0%B8%D1%86%D0%B8%D0%B5%D0%BD%D1%82%D0%BE%D0%B2_page-0006.jpg\"></figure><figure class=\"image\"><img src=\"/ckfinder/userfiles/files/%D0%BC%D0%B5%D1%82%D0%BE%D0%B4_%D0%BD%D0%B5%D0%BE%D0%BF%D1%80%D0%B5%D0%B4%D0%B5%D0%BB%D0%B5%D0%BD%D0%BD%D1%8B%D1%85_%D0%BA%D0%BE%D1%8D%D1%84%D1%84%D0%B8%D1%86%D0%B8%D0%B5%D0%BD%D1%82%D0%BE%D0%B2_page-0007.jpg\"></figure><figure class=\"image\"><img src=\"/ckfinder/userfiles/files/%D0%BC%D0%B5%D1%82%D0%BE%D0%B4_%D0%BD%D0%B5%D0%BE%D0%BF%D1%80%D0%B5%D0%B4%D0%B5%D0%BB%D0%B5%D0%BD%D0%BD%D1%8B%D1%85_%D0%BA%D0%BE%D1%8D%D1%84%D1%84%D0%B8%D1%86%D0%B8%D0%B5%D0%BD%D1%82%D0%BE%D0%B2_page-0008.jpg\"></figure><figure class=\"image\"><img src=\"/ckfinder/userfiles/files/%D0%BC%D0%B5%D1%82%D0%BE%D0%B4_%D0%BD%D0%B5%D0%BE%D0%BF%D1%80%D0%B5%D0%B4%D0%B5%D0%BB%D0%B5%D0%BD%D0%BD%D1%8B%D1%85_%D0%BA%D0%BE%D1%8D%D1%84%D1%84%D0%B8%D1%86%D0%B8%D0%B5%D0%BD%D1%82%D0%BE%D0%B2_page-0009.jpg\"></figure>', '2021-11-30'),
(82, 57, 'Метод Лагранжа вариации постоянных', '<figure class=\"image\"><img src=\"/ckfinder/userfiles/files/%D0%BC%D0%B5%D1%82%D0%BE%D0%B4%20%D0%B2%D0%B0%D1%80%D0%B8%D0%B0%D1%86%D0%B8%D0%B8%20%D0%BF%D0%BE%D1%81%D1%82%D0%BE%D1%8F%D0%BD%D0%BD%D1%8B%D1%85_page-0001.jpg\"></figure><figure class=\"image\"><img src=\"/ckfinder/userfiles/files/%D0%BC%D0%B5%D1%82%D0%BE%D0%B4%20%D0%B2%D0%B0%D1%80%D0%B8%D0%B0%D1%86%D0%B8%D0%B8%20%D0%BF%D0%BE%D1%81%D1%82%D0%BE%D1%8F%D0%BD%D0%BD%D1%8B%D1%85_page-0002.jpg\"></figure><figure class=\"image\"><img src=\"/ckfinder/userfiles/files/%D0%BC%D0%B5%D1%82%D0%BE%D0%B4%20%D0%B2%D0%B0%D1%80%D0%B8%D0%B0%D1%86%D0%B8%D0%B8%20%D0%BF%D0%BE%D1%81%D1%82%D0%BE%D1%8F%D0%BD%D0%BD%D1%8B%D1%85_page-0003.jpg\"></figure><figure class=\"image\"><img src=\"/ckfinder/userfiles/files/%D0%BC%D0%B5%D1%82%D0%BE%D0%B4%20%D0%B2%D0%B0%D1%80%D0%B8%D0%B0%D1%86%D0%B8%D0%B8%20%D0%BF%D0%BE%D1%81%D1%82%D0%BE%D1%8F%D0%BD%D0%BD%D1%8B%D1%85_page-0004.jpg\"></figure><figure class=\"image\"><img src=\"/ckfinder/userfiles/files/%D0%BC%D0%B5%D1%82%D0%BE%D0%B4%20%D0%B2%D0%B0%D1%80%D0%B8%D0%B0%D1%86%D0%B8%D0%B8%20%D0%BF%D0%BE%D1%81%D1%82%D0%BE%D1%8F%D0%BD%D0%BD%D1%8B%D1%85_page-0005.jpg\"></figure><figure class=\"image\"><img src=\"/ckfinder/userfiles/files/%D0%BC%D0%B5%D1%82%D0%BE%D0%B4%20%D0%B2%D0%B0%D1%80%D0%B8%D0%B0%D1%86%D0%B8%D0%B8%20%D0%BF%D0%BE%D1%81%D1%82%D0%BE%D1%8F%D0%BD%D0%BD%D1%8B%D1%85_page-0006.jpg\"></figure><figure class=\"image\"><img src=\"/ckfinder/userfiles/files/%D0%BC%D0%B5%D1%82%D0%BE%D0%B4%20%D0%B2%D0%B0%D1%80%D0%B8%D0%B0%D1%86%D0%B8%D0%B8%20%D0%BF%D0%BE%D1%81%D1%82%D0%BE%D1%8F%D0%BD%D0%BD%D1%8B%D1%85_page-0007.jpg\"></figure><figure class=\"image\"><img src=\"/ckfinder/userfiles/files/%D0%BC%D0%B5%D1%82%D0%BE%D0%B4%20%D0%B2%D0%B0%D1%80%D0%B8%D0%B0%D1%86%D0%B8%D0%B8%20%D0%BF%D0%BE%D1%81%D1%82%D0%BE%D1%8F%D0%BD%D0%BD%D1%8B%D1%85_page-0008.jpg\"></figure><figure class=\"image\"><img></figure><figure class=\"image\"><img></figure>', '2021-11-30'),
(83, 57, 'Линейные уравнения любого порядка', '<figure class=\"image\"><img src=\"/ckfinder/userfiles/files/14%20%D0%B0%D0%BF%D1%80%D0%B5%D0%BB%D1%8F%20%D0%BA%D0%BE%D0%BD%D1%81%D0%BF%D0%B5%D0%BA%D1%82_page-0002.jpg\"></figure><figure class=\"image\"><img src=\"/ckfinder/userfiles/files/14%20%D0%B0%D0%BF%D1%80%D0%B5%D0%BB%D1%8F%20%D0%BA%D0%BE%D0%BD%D1%81%D0%BF%D0%B5%D0%BA%D1%82_page-0003.jpg\"></figure><figure class=\"image\"><img src=\"/ckfinder/userfiles/files/14%20%D0%B0%D0%BF%D1%80%D0%B5%D0%BB%D1%8F%20%D0%BA%D0%BE%D0%BD%D1%81%D0%BF%D0%B5%D0%BA%D1%82_page-0004.jpg\"></figure><figure class=\"image\"><img src=\"/ckfinder/userfiles/files/14%20%D0%B0%D0%BF%D1%80%D0%B5%D0%BB%D1%8F%20%D0%BA%D0%BE%D0%BD%D1%81%D0%BF%D0%B5%D0%BA%D1%82_page-0005.jpg\"></figure><figure class=\"image\"><img src=\"/ckfinder/userfiles/files/14%20%D0%B0%D0%BF%D1%80%D0%B5%D0%BB%D1%8F%20%D0%BA%D0%BE%D0%BD%D1%81%D0%BF%D0%B5%D0%BA%D1%82_page-0006.jpg\"></figure><figure class=\"image\"><img src=\"/ckfinder/userfiles/files/14%20%D0%B0%D0%BF%D1%80%D0%B5%D0%BB%D1%8F%20%D0%BA%D0%BE%D0%BD%D1%81%D0%BF%D0%B5%D0%BA%D1%82_page-0007.jpg\"></figure><figure class=\"image\"><img src=\"/ckfinder/userfiles/files/14%20%D0%B0%D0%BF%D1%80%D0%B5%D0%BB%D1%8F%20%D0%BA%D0%BE%D0%BD%D1%81%D0%BF%D0%B5%D0%BA%D1%82_page-0008.jpg\"></figure><figure class=\"image\"><img src=\"/ckfinder/userfiles/files/14%20%D0%B0%D0%BF%D1%80%D0%B5%D0%BB%D1%8F%20%D0%BA%D0%BE%D0%BD%D1%81%D0%BF%D0%B5%D0%BA%D1%82_page-0009.jpg\"></figure>', '2021-11-30'),
(84, 57, 'Линейные уравнения второго порядка', '<figure class=\"image\"><img src=\"/ckfinder/userfiles/files/%D0%9B%D0%B5%D0%BA%D1%86%D0%B8%D1%8F%2022_page-0001.jpg\"></figure><figure class=\"image\"><img src=\"/ckfinder/userfiles/files/%D0%9B%D0%B5%D0%BA%D1%86%D0%B8%D1%8F%2022_page-0002.jpg\"></figure><figure class=\"image\"><img src=\"/ckfinder/userfiles/files/%D0%9B%D0%B5%D0%BA%D1%86%D0%B8%D1%8F%2022_page-0003.jpg\"></figure><figure class=\"image\"><img src=\"/ckfinder/userfiles/files/%D0%9B%D0%B5%D0%BA%D1%86%D0%B8%D1%8F%2022_page-0004.jpg\"></figure><figure class=\"image\"><img src=\"/ckfinder/userfiles/files/%D0%9B%D0%B5%D0%BA%D1%86%D0%B8%D1%8F%2022_page-0005.jpg\"></figure><figure class=\"image\"><img src=\"/ckfinder/userfiles/files/%D0%9B%D0%B5%D0%BA%D1%86%D0%B8%D1%8F%2022_page-0006.jpg\"></figure>', '2021-11-30'),
(85, 57, 'Линейное однородное уравнение высокого порядка с постоянными коэффициентами', '<figure class=\"image\"><img src=\"/ckfinder/userfiles/files/prez28042020_page-0002.jpg\"></figure><figure class=\"image\"><img src=\"/ckfinder/userfiles/files/prez28042020_page-0003.jpg\"></figure><figure class=\"image\"><img src=\"/ckfinder/userfiles/files/prez28042020_page-0004.jpg\"></figure><figure class=\"image\"><img src=\"/ckfinder/userfiles/files/prez28042020_page-0005.jpg\"></figure><figure class=\"image\"><img src=\"/ckfinder/userfiles/files/prez28042020_page-0006.jpg\"></figure><figure class=\"image\"><img src=\"/ckfinder/userfiles/files/prez28042020_page-0007.jpg\"></figure><figure class=\"image\"><img src=\"/ckfinder/userfiles/files/prez28042020_page-0008.jpg\"></figure><figure class=\"image\"><img src=\"/ckfinder/userfiles/files/prez28042020_page-0009.jpg\"></figure><figure class=\"image\"><img src=\"/ckfinder/userfiles/files/prez28042020_page-0010.jpg\"></figure><figure class=\"image\"><img src=\"/ckfinder/userfiles/files/prez28042020_page-0011.jpg\"></figure><figure class=\"image\"><img src=\"/ckfinder/userfiles/files/prez28042020_page-0012.jpg\"></figure><figure class=\"image\"><img src=\"/ckfinder/userfiles/files/prez28042020_page-0013.jpg\"></figure><figure class=\"image\"><img src=\"/ckfinder/userfiles/files/prez28042020_page-0014.jpg\"></figure>', '2021-11-30'),
(86, 57, 'Формула Лиувилля - Остроградского', '<figure class=\"image\"><img src=\"/ckfinder/userfiles/files/prez23042020_page-0002.jpg\"></figure><figure class=\"image\"><img src=\"/ckfinder/userfiles/files/prez23042020_page-0003.jpg\"></figure><figure class=\"image\"><img src=\"/ckfinder/userfiles/files/prez23042020_page-0004.jpg\"></figure><figure class=\"image\"><img src=\"/ckfinder/userfiles/files/prez23042020_page-0005.jpg\"></figure><figure class=\"image\"><img src=\"/ckfinder/userfiles/files/prez23042020_page-0006.jpg\"></figure><figure class=\"image\"><img src=\"/ckfinder/userfiles/files/prez23042020_page-0007.jpg\"></figure><figure class=\"image\"><img src=\"/ckfinder/userfiles/files/prez23042020_page-0008.jpg\"></figure><figure class=\"image\"><img src=\"/ckfinder/userfiles/files/prez23042020_page-0009.jpg\"></figure><figure class=\"image\"><img src=\"/ckfinder/userfiles/files/prez23042020_page-0010.jpg\"></figure><figure class=\"image\"><img src=\"/ckfinder/userfiles/files/prez23042020_page-0011.jpg\"></figure><figure class=\"image\"><img src=\"/ckfinder/userfiles/files/prez23042020_page-0012.jpg\"></figure><figure class=\"image\"><img src=\"/ckfinder/userfiles/files/prez23042020_page-0013.jpg\"></figure><figure class=\"image\"><img src=\"/ckfinder/userfiles/files/prez23042020_page-0014.jpg\"></figure><figure class=\"image\"><img src=\"/ckfinder/userfiles/files/prez23042020_page-0015.jpg\"></figure><figure class=\"image\"><img src=\"/ckfinder/userfiles/files/prez23042020_page-0016.jpg\"></figure><figure class=\"image\"><img src=\"/ckfinder/userfiles/files/prez23042020_page-0017.jpg\"></figure><figure class=\"image\"><img src=\"/ckfinder/userfiles/files/prez23042020_page-0018.jpg\"></figure>', '2021-11-30'),
(87, 57, 'Понижение порядка однородного уравнения', '<figure class=\"image\"><img src=\"/ckfinder/userfiles/files/prez23042020_page-0019.jpg\"></figure><figure class=\"image\"><img src=\"/ckfinder/userfiles/files/prez23042020_page-0020.jpg\"></figure><figure class=\"image\"><img src=\"/ckfinder/userfiles/files/prez23042020_page-0021.jpg\"></figure><figure class=\"image\"><img src=\"/ckfinder/userfiles/files/prez23042020_page-0022.jpg\"></figure><figure class=\"image\"><img src=\"/ckfinder/userfiles/files/prez23042020_page-0023.jpg\"></figure>', '2021-11-30'),
(88, 56, 'Комплексные числа', '<figure class=\"image\"><img src=\"/ckfinder/userfiles/files/KONSPEKT_lektsiy_linal_page-0001.jpg\"></figure><figure class=\"image\"><img src=\"/ckfinder/userfiles/files/KONSPEKT_lektsiy_linal_page-0002.jpg\"></figure><figure class=\"image\"><img src=\"/ckfinder/userfiles/files/KONSPEKT_lektsiy_linal_page-0003.jpg\"></figure><figure class=\"image\"><img src=\"/ckfinder/userfiles/files/KONSPEKT_lektsiy_linal_page-0004.jpg\"></figure><figure class=\"image\"><img src=\"/ckfinder/userfiles/files/KONSPEKT_lektsiy_linal_page-0005.jpg\"></figure><figure class=\"image\"><img src=\"/ckfinder/userfiles/files/KONSPEKT_lektsiy_linal_page-0006.jpg\"></figure><figure class=\"image\"><img src=\"/ckfinder/userfiles/files/KONSPEKT_lektsiy_linal_page-0007.jpg\"></figure><figure class=\"image\"><img src=\"/ckfinder/userfiles/files/9.jpg\"></figure>', '2021-11-30'),
(89, 56, 'Матрицы. Действия над матрицами', '<figure class=\"image\"><img src=\"/ckfinder/userfiles/files/10.jpg\"></figure><figure class=\"image\"><img src=\"/ckfinder/userfiles/files/KONSPEKT_lektsiy_linal_page-0010(1).jpg\"></figure><figure class=\"image\"><img src=\"/ckfinder/userfiles/files/KONSPEKT_lektsiy_linal_page-0011(1).jpg\"></figure><figure class=\"image\"><img src=\"/ckfinder/userfiles/files/KONSPEKT_lektsiy_linal_page-0012(1).jpg\"></figure><figure class=\"image\"><img src=\"/ckfinder/userfiles/files/image(1).png\"></figure>', '2021-12-01'),
(90, 56, 'Определитель матрицы', '<figure class=\"image\"><img src=\"/ckfinder/userfiles/files/image(2).png\"></figure><figure class=\"image\"><img src=\"/ckfinder/userfiles/files/KONSPEKT_lektsiy_linal_page-0014.jpg\"></figure><figure class=\"image\"><img src=\"/ckfinder/userfiles/files/KONSPEKT_lektsiy_linal_page-0015.jpg\"></figure><figure class=\"image\"><img src=\"/ckfinder/userfiles/files/KONSPEKT_lektsiy_linal_page-0016.jpg\"></figure><figure class=\"image\"><img src=\"/ckfinder/userfiles/files/KONSPEKT_lektsiy_linal_page-0017.jpg\"></figure><figure class=\"image\"><img src=\"/ckfinder/userfiles/files/KONSPEKT_lektsiy_linal_page-0018.jpg\"></figure><figure class=\"image\"><img src=\"/ckfinder/userfiles/files/image(3).png\"></figure>', '2021-12-01'),
(91, 56, 'Обратная матрица. Матричные уравнения', '<figure class=\"image\"><img src=\"/ckfinder/userfiles/files/image(4).png\"></figure><figure class=\"image\"><img src=\"/ckfinder/userfiles/files/KONSPEKT_lektsiy_linal_page-0020.jpg\"></figure><figure class=\"image\"><img src=\"/ckfinder/userfiles/files/KONSPEKT_lektsiy_linal_page-0021.jpg\"></figure><figure class=\"image\"><img src=\"/ckfinder/userfiles/files/image(5).png\"></figure>', '2021-12-01');
INSERT INTO `articles` (`id`, `product_id`, `title`, `content`, `date`) VALUES
(92, 56, 'Системы линейных уравнений. Решение систем матричным методом и по формулам Крамера', '<figure class=\"image\"><img src=\"/ckfinder/userfiles/files/image(6).png\"></figure><figure class=\"image\"><img src=\"/ckfinder/userfiles/files/KONSPEKT_lektsiy_linal_page-0023.jpg\"></figure><figure class=\"image\"><img src=\"/ckfinder/userfiles/files/KONSPEKT_lektsiy_linal_page-0024.jpg\"></figure><figure class=\"image\"><img src=\"/ckfinder/userfiles/files/KONSPEKT_lektsiy_linal_page-0025.jpg\"></figure><figure class=\"image\"><img src=\"/ckfinder/userfiles/files/image(7).png\"></figure>', '2021-12-01'),
(93, 56, 'Ранг матрицы. Метод Гаусса', '<figure class=\"image image-style-side\"><img src=\"/ckfinder/userfiles/files/image(8).png\"></figure><figure class=\"image\"><img src=\"/ckfinder/userfiles/files/KONSPEKT_lektsiy_linal_page-0027.jpg\"></figure><figure class=\"image\"><img src=\"/ckfinder/userfiles/files/KONSPEKT_lektsiy_linal_page-0028.jpg\"></figure><figure class=\"image\"><img src=\"/ckfinder/userfiles/files/KONSPEKT_lektsiy_linal_page-0029.jpg\"></figure><figure class=\"image\"><img src=\"/ckfinder/userfiles/files/KONSPEKT_lektsiy_linal_page-0030.jpg\"></figure><figure class=\"image\"><img src=\"/ckfinder/userfiles/files/KONSPEKT_lektsiy_linal_page-0031.jpg\"></figure><figure class=\"image\"><img src=\"/ckfinder/userfiles/files/KONSPEKT_lektsiy_linal_page-0032.jpg\"></figure>', '2021-12-01'),
(94, 55, 'Лекция 1', '<figure class=\"image\"><img src=\"/ckfinder/userfiles/files/Mat_analiz_Konspekt_1_sem_page-0002.jpg\"></figure><figure class=\"image\"><img src=\"/ckfinder/userfiles/files/Mat_analiz_Konspekt_1_sem_page-0003.jpg\"></figure><figure class=\"image\"><img src=\"/ckfinder/userfiles/files/Mat_analiz_Konspekt_1_sem_page-0004.jpg\"></figure><figure class=\"image\"><img src=\"/ckfinder/userfiles/files/Mat_analiz_Konspekt_1_sem_page-0005.jpg\"></figure><figure class=\"image\"><img src=\"/ckfinder/userfiles/files/Mat_analiz_Konspekt_1_sem_page-0006.jpg\"></figure><figure class=\"image\"><img src=\"/ckfinder/userfiles/files/Mat_analiz_Konspekt_1_sem_page-0007.jpg\"></figure><figure class=\"image\"><img src=\"/ckfinder/userfiles/files/Mat_analiz_Konspekt_1_sem_page-0008.jpg\"></figure><figure class=\"image\"><img src=\"/ckfinder/userfiles/files/Mat_analiz_Konspekt_1_sem_page-0009.jpg\"></figure><figure class=\"image\"><img src=\"/ckfinder/userfiles/files/Mat_analiz_Konspekt_1_sem_page-0010.jpg\"></figure><figure class=\"image\"><img src=\"/ckfinder/userfiles/files/Mat_analiz_Konspekt_1_sem_page-0011.jpg\"></figure><figure class=\"image\"><img src=\"/ckfinder/userfiles/files/Mat_analiz_Konspekt_1_sem_page-0012.jpg\"></figure><figure class=\"image\"><img src=\"/ckfinder/userfiles/files/Mat_analiz_Konspekt_1_sem_page-0013.jpg\"></figure><figure class=\"image\"><img></figure><figure class=\"image\"><img></figure><figure class=\"image\"><img></figure><figure class=\"image\"><img></figure><figure class=\"image\"><img></figure><figure class=\"image\"><img></figure><figure class=\"image\"><img></figure>', '2021-12-01'),
(95, 55, 'Лекция 2', '<figure class=\"image\"><img src=\"/ckfinder/userfiles/files/Mat_analiz_Konspekt_1_sem_page-0020(1).jpg\"></figure><figure class=\"image\"><img src=\"/ckfinder/userfiles/files/Mat_analiz_Konspekt_1_sem_page-0021.jpg\"></figure><figure class=\"image\"><img src=\"/ckfinder/userfiles/files/Mat_analiz_Konspekt_1_sem_page-0022.jpg\"></figure><figure class=\"image\"><img src=\"/ckfinder/userfiles/files/Mat_analiz_Konspekt_1_sem_page-0023.jpg\"></figure><figure class=\"image\"><img src=\"/ckfinder/userfiles/files/Mat_analiz_Konspekt_1_sem_page-0024.jpg\"></figure><figure class=\"image\"><img src=\"/ckfinder/userfiles/files/Mat_analiz_Konspekt_1_sem_page-0025.jpg\"></figure><figure class=\"image\"><img src=\"/ckfinder/userfiles/files/Mat_analiz_Konspekt_1_sem_page-0026.jpg\"></figure><figure class=\"image\"><img src=\"/ckfinder/userfiles/files/Mat_analiz_Konspekt_1_sem_page-0027.jpg\"></figure><figure class=\"image\"><img src=\"/ckfinder/userfiles/files/Mat_analiz_Konspekt_1_sem_page-0028.jpg\"></figure><figure class=\"image\"><img src=\"/ckfinder/userfiles/files/Mat_analiz_Konspekt_1_sem_page-0029.jpg\"></figure><figure class=\"image\"><img src=\"/ckfinder/userfiles/files/Mat_analiz_Konspekt_1_sem_page-0030.jpg\"></figure><figure class=\"image\"><img src=\"/ckfinder/userfiles/files/Mat_analiz_Konspekt_1_sem_page-0031.jpg\"></figure><figure class=\"image\"><img src=\"/ckfinder/userfiles/files/Mat_analiz_Konspekt_1_sem_page-0032.jpg\"></figure><figure class=\"image\"><img></figure><figure class=\"image\"><img></figure><figure class=\"image\"><img></figure>', '2021-12-01'),
(96, 55, 'Лекция 3', '<p>&nbsp;</p><p>&nbsp;</p><p>&nbsp;</p><figure class=\"image\"><img src=\"/ckfinder/userfiles/files/1(5).png\"></figure><figure class=\"image\"><img src=\"/ckfinder/userfiles/files/Mat_analiz_Konspekt_1_sem_page-0036.jpg\"></figure><figure class=\"image\"><img src=\"/ckfinder/userfiles/files/Mat_analiz_Konspekt_1_sem_page-0037.jpg\"></figure><figure class=\"image\"><img src=\"/ckfinder/userfiles/files/Mat_analiz_Konspekt_1_sem_page-0038.jpg\"></figure><figure class=\"image\"><img src=\"/ckfinder/userfiles/files/Mat_analiz_Konspekt_1_sem_page-0039.jpg\"></figure><figure class=\"image\"><img src=\"/ckfinder/userfiles/files/Mat_analiz_Konspekt_1_sem_page-0040.jpg\"></figure><figure class=\"image\"><img src=\"/ckfinder/userfiles/files/Mat_analiz_Konspekt_1_sem_page-0041.jpg\"></figure><figure class=\"image\"><img></figure><figure class=\"image\"><img src=\"/ckfinder/userfiles/files/Mat_analiz_Konspekt_1_sem_page-0043.jpg\"></figure><figure class=\"image\"><img></figure><figure class=\"image\"><img></figure>', '2021-12-01'),
(97, 55, 'Тест', '<p>Это тестовая запись.</p>', '2021-12-03');

-- --------------------------------------------------------

--
-- Структура таблицы `bookmarks`
--

CREATE TABLE `bookmarks` (
  `id` int(11) NOT NULL,
  `user_id` int(11) NOT NULL,
  `article_id` int(11) NOT NULL,
  `subject_id` int(11) NOT NULL
) ENGINE=InnoDB DEFAULT CHARSET=utf8;

-- --------------------------------------------------------

--
-- Структура таблицы `products`
--

CREATE TABLE `products` (
  `id` int(11) NOT NULL,
  `title` varchar(255) CHARACTER SET utf8 DEFAULT NULL,
  `price` bigint(11) DEFAULT NULL,
  `description` text CHARACTER SET utf8
) ENGINE=InnoDB DEFAULT CHARSET=utf8mb4 COLLATE=utf8mb4_unicode_ci;

--
-- Дамп данных таблицы `products`
--

INSERT INTO `products` (`id`, `title`, `price`, `description`) VALUES
(55, 'Математический анализ', NULL, NULL),
(56, 'Линейная алгебра', NULL, NULL),
(57, 'Дифференциальные уравнения', NULL, NULL),
(58, 'Функциональный анализ', NULL, NULL),
(59, 'Уравнения математической физики', NULL, NULL),
(60, 'Искусственный интеллект и нейронные сети', NULL, NULL);

-- --------------------------------------------------------

--
-- Структура таблицы `users`
--

CREATE TABLE `users` (
  `id` int(11) NOT NULL,
  `full_name` varchar(355) DEFAULT NULL,
  `login` varchar(100) DEFAULT NULL,
  `email` varchar(255) DEFAULT NULL,
  `password` varchar(500) DEFAULT NULL,
  `isAdmin` tinyint(1) NOT NULL DEFAULT '0'
) ENGINE=InnoDB DEFAULT CHARSET=utf8;

--
-- Дамп данных таблицы `users`
--

INSERT INTO `users` (`id`, `full_name`, `login`, `email`, `password`, `isAdmin`) VALUES
(1, 'Иван', 'ivan', 'ivan@mail.ru', '2c42e5cf1cdbafea04ed267018ef1511', 1),
(2, 'ew', 'ew', 'dssd@mail.ru', 'd2f2297d6e829cd3493aa7de4416a18f', 0),
(3, 'nigger', 'nigger', 'aaa@bbb.cc', 'c35312fb3a7e05b7a44db2326bd29040', 0),
(4, 'yaroslav', 'ivan1', 'yar@mail.ru', '202cb962ac59075b964b07152d234b70', 0);

--
-- Индексы сохранённых таблиц
--

--
-- Индексы таблицы `articles`
--
ALTER TABLE `articles`
  ADD PRIMARY KEY (`id`);

--
-- Индексы таблицы `bookmarks`
--
ALTER TABLE `bookmarks`
  ADD PRIMARY KEY (`id`);

--
-- Индексы таблицы `products`
--
ALTER TABLE `products`
  ADD PRIMARY KEY (`id`);

--
-- Индексы таблицы `users`
--
ALTER TABLE `users`
  ADD PRIMARY KEY (`id`);

--
-- AUTO_INCREMENT для сохранённых таблиц
--

--
-- AUTO_INCREMENT для таблицы `articles`
--
ALTER TABLE `articles`
  MODIFY `id` int(11) NOT NULL AUTO_INCREMENT, AUTO_INCREMENT=98;

--
-- AUTO_INCREMENT для таблицы `bookmarks`
--
ALTER TABLE `bookmarks`
  MODIFY `id` int(11) NOT NULL AUTO_INCREMENT, AUTO_INCREMENT=94;

--
-- AUTO_INCREMENT для таблицы `products`
--
ALTER TABLE `products`
  MODIFY `id` int(11) NOT NULL AUTO_INCREMENT, AUTO_INCREMENT=72;

--
-- AUTO_INCREMENT для таблицы `users`
--
ALTER TABLE `users`
  MODIFY `id` int(11) NOT NULL AUTO_INCREMENT, AUTO_INCREMENT=5;
COMMIT;

/*!40101 SET CHARACTER_SET_CLIENT=@OLD_CHARACTER_SET_CLIENT */;
/*!40101 SET CHARACTER_SET_RESULTS=@OLD_CHARACTER_SET_RESULTS */;
/*!40101 SET COLLATION_CONNECTION=@OLD_COLLATION_CONNECTION */;
